"","x","Mean","Sd","Min","Max","q05","q25","q50","q75","q95","output","time","source"
"CO1",1,0.00154279740996214,0.00167413698021379,-0.00823256226898977,0.00462375374489482,0.000272427208295049,0.00127950319541481,0.00166591674609004,0.00197690384847478,0.00327772714035924,"CO",NA,"baseline_nephrons"
"CO24",24,-0.235375878539464,0.00641489068491937,-0.24555960322426,-0.203712705424074,-0.242325067075284,-0.239327035095711,-0.235991386361241,-0.233064991004704,-0.227533833338766,"CO",NA,"baseline_nephrons"
"CO168",168,-0.0499494747805736,0.00908681402132238,-0.0632133142258638,0.000415380361951541,-0.0579575142383915,-0.0538178739923517,-0.0512230170310839,-0.0490825612411744,-0.0435048013655792,"CO",NA,"baseline_nephrons"
"CO720",720,-0.00345244896186565,0.0171395271893221,-0.114425164295513,0.0191554604954205,-0.00918546547059235,-0.00307431364692284,-0.00132447857216278,0.000261726443841524,0.00838122813005001,"CO",NA,"baseline_nephrons"
"mean_arterial_pressure_MAP1",1,-0.00428557273579817,0.00695660545380416,-0.0286521443642112,0.013703332165313,-0.0120787253071748,-0.00758928949773981,-0.00473242443333556,-0.00233984011057864,0.00978429366390801,"mean_arterial_pressure_MAP",NA,"baseline_nephrons"
"mean_arterial_pressure_MAP24",24,-0.346683285597412,0.0315648083343149,-0.469365092138989,-0.193410385587437,-0.370222918511701,-0.353172134068932,-0.346619038317938,-0.338499158920014,-0.330152747613415,"mean_arterial_pressure_MAP",NA,"baseline_nephrons"
"mean_arterial_pressure_MAP168",168,-0.554755582931886,0.0248913185568703,-0.600349338912128,-0.473021819779067,-0.582314165024223,-0.574216375585802,-0.560500274952089,-0.539883830130532,-0.514174566217137,"mean_arterial_pressure_MAP",NA,"baseline_nephrons"
"mean_arterial_pressure_MAP720",720,-0.61637867290437,0.0684042687198637,-0.898216633653472,-0.318408642669003,-0.647160249078946,-0.6396802096951,-0.626337212678985,-0.593375007425001,-0.562080355116824,"mean_arterial_pressure_MAP",NA,"baseline_nephrons"
"LV_mass1",1,2.19477978547387e-05,0.00102017092983195,-0.0044584397005525,0.00462143785860507,-0.00065093226494256,-0.000198380442613775,8.14225571887787e-05,0.000230481533302705,0.000855663157130257,"LV_mass",NA,"baseline_nephrons"
"LV_mass24",24,-0.0635124327109425,0.00818198840763268,-0.0765603165507126,-0.0173270759582088,-0.069168442327034,-0.066991433647617,-0.0640332404772241,-0.0626146059758424,-0.0549766357459955,"LV_mass",NA,"baseline_nephrons"
"LV_mass168",168,-0.447698835363907,0.0231914536989049,-0.482153458376142,-0.405038030944357,-0.480009593505184,-0.469478948783768,-0.44972451788001,-0.428202422965973,-0.408998453597368,"LV_mass",NA,"baseline_nephrons"
"LV_mass720",720,-0.777325970288729,0.0459966707312258,-0.859355624341888,-0.664898550818163,-0.852933552355888,-0.808181829273639,-0.775850329622838,-0.751085360758258,-0.703510855543091,"LV_mass",NA,"baseline_nephrons"
"EDV_h_wall1",1,-0.000425982980105339,0.0024298872069753,-0.0151064911780507,0.0015940285337164,-0.00252438110500802,-0.000351984692645564,7.41111227793016e-05,0.000420842828267277,0.0010860565676854,"EDV_h_wall",NA,"baseline_nephrons"
"EDV_h_wall24",24,0.116548620037228,0.0082990579120245,0.104977352552817,0.164309189964499,0.10724275025397,0.112190929612122,0.116791067990344,0.119228987963374,0.122514286794102,"EDV_h_wall",NA,"baseline_nephrons"
"EDV_h_wall168",168,-0.289452896805763,0.015389316500165,-0.353690897029935,-0.247631361320039,-0.308462371076754,-0.294280843856512,-0.291302544499677,-0.281182682675233,-0.272721878091244,"EDV_h_wall",NA,"baseline_nephrons"
"EDV_h_wall720",720,-0.614027473164897,0.0304501029538181,-0.706456930048256,-0.543183948392766,-0.655531378460272,-0.633401506168926,-0.612750189333086,-0.593569904930076,-0.56616597104198,"EDV_h_wall",NA,"baseline_nephrons"
"ejection_fraction1",1,0.00619034680056388,0.0197104048960567,-0.108069040013295,0.0341893489813233,-0.0108110319654254,0.00750919677960829,0.00920929928816117,0.0124528421803286,0.0156129191076257,"ejection_fraction",NA,"baseline_nephrons"
"ejection_fraction24",24,0.0864265984699552,0.0198874402836705,0.0281955155672062,0.168641734503059,0.0606836991664721,0.0762767944832161,0.0855719510120241,0.0989473945899109,0.105154232931229,"ejection_fraction",NA,"baseline_nephrons"
"ejection_fraction168",168,0.0942754088369101,0.0361739666368857,-0.0388933206689821,0.257060092974797,0.0575989131321917,0.0803365652578982,0.0895350403649845,0.114128795548446,0.125426664289986,"ejection_fraction",NA,"baseline_nephrons"
"ejection_fraction720",720,-0.00676080636120735,0.117246892848029,-0.745673527500146,0.328969129412243,-0.0283329499742228,-0.00583744374195543,0.000605068304315042,0.0099601459693701,0.0249601634470457,"ejection_fraction",NA,"baseline_nephrons"
"GFR_ml_min1",1,0.255190656771136,0.0261575218910117,0.145803619457715,0.326813607107232,0.230413783732444,0.237833054707299,0.253028044831828,0.274849139713518,0.278699467743643,"GFR_ml_min",NA,"baseline_nephrons"
"GFR_ml_min24",24,0.281875747072336,0.0568616910101133,0.0445188548679877,0.522341143784644,0.236643702884861,0.267227293482339,0.286578554177072,0.301330980197656,0.317261520845727,"GFR_ml_min",NA,"baseline_nephrons"
"GFR_ml_min168",168,-0.353590392478898,0.0513455914314539,-0.45421189956732,-0.0988504185502601,-0.43550021905009,-0.367315256395759,-0.348201737565627,-0.337745225236009,-0.312410026372647,"GFR_ml_min",NA,"baseline_nephrons"
"GFR_ml_min720",720,-0.536804433093993,0.113800015503805,-1.03186355008928,-4.91790330381519e-05,-0.606457622496673,-0.544177017994882,-0.532170664343948,-0.518539725556185,-0.499283946292424,"GFR_ml_min",NA,"baseline_nephrons"
"CO11",1,3.31832040193135e-05,0.00271687728078215,-0.0143306797841602,0.0108367249321742,-0.0014668839046983,-0.000381261002012909,3.08405358970414e-05,0.000440334502940394,0.00177941694480765,"CO",NA,"gamma"
"CO241",24,0.0124096456299807,0.00383212965886208,-0.00809552292380441,0.0226490273740007,0.00985069385917268,0.0119006687697807,0.0125836782473056,0.0132196961747498,0.0168729564341822,"CO",NA,"gamma"
"CO1681",168,0.00277575144230487,0.00979711495450677,-0.0248738643565333,0.0612030640489892,-0.00245909907902664,0.00109068675709834,0.0019932726694172,0.00312848187107614,0.00828080638955627,"CO",NA,"gamma"
"CO7201",720,0.00026656246064375,0.0131013903907816,-0.0601803832483803,0.0618104791030562,-0.00667840579700315,-0.00181115567079415,0.000151041299869761,0.00229361771727401,0.00925642378211358,"CO",NA,"gamma"
"mean_arterial_pressure_MAP11",1,0.0021082242586512,0.0152111772938206,-0.0174090274256015,0.0920306289501313,-0.007642555438045,-0.00304191462367089,0.000221989150035175,0.00173423207142261,0.0152285314888589,"mean_arterial_pressure_MAP",NA,"gamma"
"mean_arterial_pressure_MAP241",24,0.018829204937772,0.0237303303846613,-0.0477082040997715,0.139437874756194,-0.00788579332714911,0.0122085238336334,0.0190545725331176,0.0217113695474222,0.040730003373779,"mean_arterial_pressure_MAP",NA,"gamma"
"mean_arterial_pressure_MAP1681",168,0.0270880757865993,0.0162467398356168,-0.0433921537381016,0.0986438349679784,0.0169788938855404,0.0235680370476719,0.0258408943842281,0.0282882609672609,0.0483080043361235,"mean_arterial_pressure_MAP",NA,"gamma"
"mean_arterial_pressure_MAP7201",720,0.0299325959443286,0.0703812437496129,-0.272222978512942,0.363841213327768,-0.0160685953190567,0.017639262655238,0.0288073217820816,0.0391619009927265,0.090734812311949,"mean_arterial_pressure_MAP",NA,"gamma"
"LV_mass11",1,0.000195689105369819,0.00227068136826095,-0.00478961943544263,0.0148661507114144,-0.000762569250493479,-0.000212407483626843,5.78625807817954e-08,0.000192550937401664,0.000785400954470715,"LV_mass",NA,"gamma"
"LV_mass241",24,0.00331132234138372,0.00551893231031038,-0.0185517861974053,0.022669426823247,-0.00174080310261434,0.0018062454975326,0.00356094175355343,0.00458649889860686,0.00826254362518027,"LV_mass",NA,"gamma"
"LV_mass1681",168,0.0238254136533378,0.0200573900326763,0.00609380862305684,0.158832754446935,0.0152940318164543,0.0192126521581741,0.0211634005383151,0.0226796722877116,0.0312792847348363,"LV_mass",NA,"gamma"
"LV_mass7201",720,0.0317420044326889,0.0248440158429249,-0.110609967377547,0.0753630944395512,0.0153447833125104,0.0324882768231422,0.0350291648202441,0.0373476950824831,0.0473086554431948,"LV_mass",NA,"gamma"
"EDV_h_wall11",1,0.000300948506043722,0.0019203795752576,-0.00721693177771913,0.00935767767822259,-0.0013748659513921,-0.000134938681118834,0.000299620965770043,0.000693075832731002,0.00157887252338842,"EDV_h_wall",NA,"gamma"
"EDV_h_wall241",24,-0.00452942424101045,0.0144341092078375,-0.0664652481883137,0.072398997802933,-0.0109226373181867,-0.00560133442065668,-0.0046601931541538,-0.00413128922737569,0.00161085682592286,"EDV_h_wall",NA,"gamma"
"EDV_h_wall1681",168,0.0161388658703337,0.0269521092788469,-0.0429061744339348,0.185577741907931,-0.00202741921738428,0.0104382606056075,0.0139331648802823,0.0168589553416922,0.0265957889094936,"EDV_h_wall",NA,"gamma"
"EDV_h_wall7201",720,0.0247216513710168,0.023108729252904,-0.108185004499444,0.0678055163123754,0.0129510158832269,0.0253551906995465,0.0278079828419864,0.0295805078623492,0.0381984656917582,"EDV_h_wall",NA,"gamma"
"ejection_fraction11",1,-0.00338595611380218,0.0297098839358297,-0.191828149582135,0.0640910517271011,-0.0116459128289965,-0.00262659008181197,-0.000328951045083782,0.00268913258489775,0.0104413240724829,"ejection_fraction",NA,"gamma"
"ejection_fraction241",24,-0.00317804119510388,0.0352096553870698,-0.143301836104052,0.189167157915986,-0.0244347046538539,-0.00759256235107761,-0.00523471592448971,-0.00190808398568308,0.0178023529972337,"ejection_fraction",NA,"gamma"
"ejection_fraction1681",168,-0.00483117428817891,0.028162217473987,-0.130283043886669,0.0665475038318741,-0.0396851972452114,-0.00919666591788952,-0.00481114140951121,0.00230290862111871,0.0352309913545646,"ejection_fraction",NA,"gamma"
"ejection_fraction7201",720,-0.00566954386819965,0.0499405017362485,-0.300453639346149,0.115662275914729,-0.0324610804064494,-0.00807317638888986,-0.00180715380941676,0.00785662816559307,0.0260339124270709,"ejection_fraction",NA,"gamma"
"GFR_ml_min11",1,-0.26056912165947,0.0240000968099911,-0.290530652943196,-0.133895549323801,-0.280436760364932,-0.275790512795682,-0.269457288653384,-0.25041849856913,-0.236142388239822,"GFR_ml_min",NA,"gamma"
"GFR_ml_min241",24,-0.258144088801886,0.042503847476381,-0.445871264523753,-0.10800704682255,-0.291087964428582,-0.276871272181508,-0.257741716301247,-0.240646452316215,-0.214557571838929,"GFR_ml_min",NA,"gamma"
"GFR_ml_min1681",168,-0.235708441602781,0.0475787346694324,-0.344893615793013,0.0585632773030331,-0.265879749780791,-0.248219934525259,-0.241911440121649,-0.232390806380954,-0.211592513242841,"GFR_ml_min",NA,"gamma"
"GFR_ml_min7201",720,-0.237427011311586,0.117151384779851,-0.871094560794576,0.0981677261591321,-0.319882482980715,-0.259047499621436,-0.232251224026122,-0.207200923281943,-0.122765575641723,"GFR_ml_min",NA,"gamma"
"CO12",1,0.000247492988522197,0.00244744199071617,-0.00394119749750083,0.0141984959394063,-0.00215086479990565,-0.00052323947931991,-5.82383874090751e-05,0.000513740460116165,0.00157904994674046,"CO",NA,"glucose_concentration"
"CO242",24,0.00786029082409546,0.00557156673811753,0.00010829781483413,0.0298145544866435,0.00378248184982745,0.00445418625352911,0.00715450550479841,0.00900517231644814,0.0190076356102883,"CO",NA,"glucose_concentration"
"CO1682",168,0.00150209540685615,0.00661091805654152,-0.0349163728675985,0.0189040639683784,-0.00404956106008636,0.000909378908055635,0.00167076468494074,0.00285606742197274,0.00692981804571755,"CO",NA,"glucose_concentration"
"CO7202",720,-0.000436346970502636,0.00762742961970102,-0.0438103520620298,0.0185353434213241,-0.00661544032348539,-0.00162363374041624,7.91992515586992e-05,0.00204144063088819,0.00693387372749633,"CO",NA,"glucose_concentration"
"mean_arterial_pressure_MAP12",1,-5.69337122275095e-05,0.0216722752361794,-0.100446175977928,0.111608779352462,-0.00559542728933574,-0.00171820110450115,7.02478009012065e-05,0.00159999956818013,0.00455776882968415,"mean_arterial_pressure_MAP",NA,"glucose_concentration"
"mean_arterial_pressure_MAP242",24,0.0131647480226384,0.0308814689834503,-0.0279352371649095,0.208303193478898,-0.00455083510772866,0.000787884950186657,0.0116978399543085,0.0163115841256239,0.0297414641741102,"mean_arterial_pressure_MAP",NA,"glucose_concentration"
"mean_arterial_pressure_MAP1682",168,0.0173434395242416,0.0241311852846657,-0.115109284658734,0.105923679192388,0.00813064975153361,0.0119517475493261,0.0172412271269585,0.0207892514608576,0.0361567877838772,"mean_arterial_pressure_MAP",NA,"glucose_concentration"
"mean_arterial_pressure_MAP7202",720,0.0172703693857491,0.0610028062140422,-0.261684694757779,0.281576055016853,-0.0269130468761953,0.00429230143999885,0.0165037901161503,0.0346633717399472,0.0555222728423378,"mean_arterial_pressure_MAP",NA,"glucose_concentration"
"LV_mass12",1,7.2722751682909e-06,0.00105283786651686,-0.00459718662758771,0.00481346349627877,-0.000897130937076784,-0.00018818177088981,8.03452046869226e-05,0.000183524065790176,0.00079166820947539,"LV_mass",NA,"glucose_concentration"
"LV_mass242",24,0.000485395078711703,0.00729307932224649,-0.0447507974493324,0.00775881581747802,-0.00596214265063397,-0.000173732233973515,0.0013173280561428,0.00348185055060105,0.00535471870155468,"LV_mass",NA,"glucose_concentration"
"LV_mass1682",168,0.0140424123345921,0.0085177334388425,-0.00169732667302415,0.0547558849920435,0.0058505415684876,0.00904758390992235,0.0137796035658013,0.0168222121331036,0.0261407960461924,"LV_mass",NA,"glucose_concentration"
"LV_mass7202",720,0.0247992640508944,0.0152279680899231,-0.0260849320450421,0.0751228662550947,0.00973071163762528,0.0134363889599919,0.0278822463139052,0.0316262612376844,0.0458836284422738,"LV_mass",NA,"glucose_concentration"
"EDV_h_wall12",1,0.000146916093922566,0.0017032091906386,-0.00433276967135079,0.0097199144128621,-0.00190570202207287,-0.000227355558074338,-1.18978784757725e-05,0.000317780468151588,0.00165636199567224,"EDV_h_wall",NA,"glucose_concentration"
"EDV_h_wall242",24,-0.00445089236662555,0.00780124542664355,-0.0466615098917019,0.00552220998875924,-0.0112755819214856,-0.00538928490480261,-0.00287795750241115,-0.00132879265683823,0.000625531082610029,"EDV_h_wall",NA,"glucose_concentration"
"EDV_h_wall1682",168,0.00951848443612247,0.0198549082847114,-0.0658911836128504,0.102898270915729,-0.00332721488545399,0.00648884030659384,0.00856655870214926,0.011259376522222,0.025840572383837,"EDV_h_wall",NA,"glucose_concentration"
"EDV_h_wall7202",720,0.0196185461411129,0.0144571423298652,-0.0421495798049561,0.0683756601933365,0.00760153823186699,0.0113805156624339,0.0222310812496241,0.0251775867812954,0.0370937398744513,"EDV_h_wall",NA,"glucose_concentration"
"ejection_fraction12",1,-0.000157156031641269,0.0156835076786169,-0.0681701324162246,0.076043180972628,-0.00892270494552711,-0.00336654433358324,0.000720671543434831,0.00309286530083822,0.00674503673106914,"ejection_fraction",NA,"glucose_concentration"
"ejection_fraction242",24,-0.00722286008085029,0.0408715395483771,-0.283803899656697,0.0351121084803194,-0.0133221614134669,-0.00491917858558919,-0.00184402294923168,0.000662039419529424,0.0111252114288475,"ejection_fraction",NA,"glucose_concentration"
"ejection_fraction1682",168,-0.00767791385723933,0.0359668445124435,-0.195055525524503,0.0868771114466261,-0.060548791650766,-0.00842953531142131,-0.00165061009494473,0.00258169275881239,0.0232981650343877,"ejection_fraction",NA,"glucose_concentration"
"ejection_fraction7202",720,0.00414993707739261,0.0486233490070376,-0.137857679067694,0.26641924587831,-0.0263151140807567,-0.00782929802539437,0.000591859344052114,0.00688732294015576,0.047822646356121,"ejection_fraction",NA,"glucose_concentration"
"GFR_ml_min12",1,0.0810887073726735,0.0492337506509369,-0.0352042459909062,0.264809602166407,0.0309784022222756,0.0373907109791347,0.0979333469573894,0.118944455664928,0.122398567122719,"GFR_ml_min",NA,"glucose_concentration"
"GFR_ml_min242",24,0.100114626571447,0.0805220523837129,-0.031467984551523,0.537219655431937,0.0376411446148792,0.0426243800300897,0.112056458793079,0.131468629072758,0.162101730137944,"GFR_ml_min",NA,"glucose_concentration"
"GFR_ml_min1682",168,0.115373945103461,0.0707406821796262,-0.287708805072194,0.251404964657464,0.0617380094742493,0.0844772725386849,0.132833585316564,0.143154103345903,0.18109226001444,"GFR_ml_min",NA,"glucose_concentration"
"GFR_ml_min7202",720,0.128356124281763,0.0976424430442085,-0.0980428891799931,0.621244114095053,0.0526201805432302,0.069019165973718,0.128527258502155,0.170942855697941,0.202183081470843,"GFR_ml_min",NA,"glucose_concentration"
"CO13",1,-0.000212502381046378,0.00104541125248301,-0.00180271125665745,0.00397941106041014,-0.00145401276785539,-0.000906377001394943,-0.000418707839128994,0.000214628983688539,0.00131672682855629,"CO",NA,"Na_intake_rate"
"CO243",24,0.0253419064318371,0.00198086484638308,0.0182881292994156,0.0307565204791068,0.0222947120980266,0.0240573589003037,0.0256876803680075,0.0264612636103656,0.0278250809102746,"CO",NA,"Na_intake_rate"
"CO1683",168,0.00462498976563913,0.00678134529381278,-0.0366965412185456,0.0186256773592615,-0.000109994612777682,0.00352257090658962,0.00577482406916572,0.00687558778671587,0.0102577813955904,"CO",NA,"Na_intake_rate"
"CO7203",720,-0.000430122441026143,0.0083079859114789,-0.0429537982556935,0.0218502980354431,-0.00896119457234559,-0.00179483855579138,-0.000606004950671584,0.0017757433540081,0.00699363297153784,"CO",NA,"Na_intake_rate"
"mean_arterial_pressure_MAP13",1,-0.00099739283991984,0.00723675109284608,-0.0349243597220227,0.0129115988504777,-0.0108014310564713,-0.00174246522995989,0.000214333103206051,0.00186699372939442,0.00619624551720811,"mean_arterial_pressure_MAP",NA,"Na_intake_rate"
"mean_arterial_pressure_MAP243",24,0.03365433713686,0.0402155018862161,-0.205328811015308,0.101610070415018,-0.00695744916309223,0.0367535964058664,0.0400997009699168,0.0444191339862213,0.0569076298935385,"mean_arterial_pressure_MAP",NA,"Na_intake_rate"
"mean_arterial_pressure_MAP1683",168,0.0588118895549048,0.0342941717959499,-0.16961658203061,0.0967679289842073,0.0494550442661122,0.0583680378986891,0.0627860440679085,0.0679346624365001,0.0762203508889731,"mean_arterial_pressure_MAP",NA,"Na_intake_rate"
"mean_arterial_pressure_MAP7203",720,0.0628372254837144,0.0395556007765797,-0.134367481310698,0.171881069089277,0.0129899976822807,0.0567745592840579,0.0672723599210528,0.0761375141767616,0.0962817481039488,"mean_arterial_pressure_MAP",NA,"Na_intake_rate"
"LV_mass13",1,0.000117203865573087,0.000559501551270317,-0.000666418550110857,0.00224587666592124,-0.000435018472787791,-0.000174936463295767,2.23423434726827e-05,0.000148972350421153,0.00133722277890507,"LV_mass",NA,"Na_intake_rate"
"LV_mass243",24,0.00643575903534088,0.00642816677322847,-0.0236841001376261,0.0325754816681801,0.0015112866405692,0.00524695155293641,0.00653372629690717,0.0078314075093474,0.00946107360213858,"LV_mass",NA,"Na_intake_rate"
"LV_mass1683",168,0.051788745941267,0.0110385498366634,0.0375059420088023,0.113672117771724,0.04171882167937,0.0471677653168625,0.0503504969330305,0.0532950470237657,0.0578228084264355,"LV_mass",NA,"Na_intake_rate"
"LV_mass7203",720,0.0850609470652939,0.0128533160905335,0.0297312013204391,0.141925450477305,0.0762971432402929,0.0805252567707802,0.0845942873135572,0.0874060163628814,0.100771463040996,"LV_mass",NA,"Na_intake_rate"
"EDV_h_wall13",1,-1.40301876826404e-05,0.00128106832549235,-0.00629035642082556,0.00342494195325343,-0.00152990547566713,-0.000148254989587614,2.91299828564641e-05,0.000406653831922758,0.00130974368877597,"EDV_h_wall",NA,"Na_intake_rate"
"EDV_h_wall243",24,-0.0146120460702856,0.00606853262007014,-0.0426936035958258,-0.00330532787471229,-0.0180806455525797,-0.0151195317201707,-0.0142482162026058,-0.0133771081228165,-0.00782515953525467,"EDV_h_wall",NA,"Na_intake_rate"
"EDV_h_wall1683",168,0.0340110324121936,0.0190926369503768,-0.0386984887036994,0.126432411391971,0.0203530983799104,0.0300707780020672,0.0332056913812694,0.0369078761178474,0.0449992994691187,"EDV_h_wall",NA,"Na_intake_rate"
"EDV_h_wall7203",720,0.0679248029630693,0.0094350325043707,0.0307277974569744,0.102622484278816,0.0607566851525372,0.0645689271721649,0.0668562395606722,0.0701646465991122,0.0858128085534706,"EDV_h_wall",NA,"Na_intake_rate"
"ejection_fraction13",1,-0.00321753013236414,0.0139569768777888,-0.0586086570835868,0.0374017061726015,-0.0258292503887406,-0.00307347228740917,-0.0013742534779062,0.00140898793932808,0.00704274534477171,"ejection_fraction",NA,"Na_intake_rate"
"ejection_fraction243",24,-0.0097049417865518,0.0198896262972622,-0.110145779577275,0.0578126227581817,-0.0231787287494503,-0.0140835674066353,-0.0113751160895272,-0.00622451287546787,0.0178356300656467,"ejection_fraction",NA,"Na_intake_rate"
"ejection_fraction1683",168,-0.0060218697377239,0.0562972661302213,-0.209651304841904,0.294020893703644,-0.0462207850942691,-0.0173742823697807,-0.0112993778408755,0.000451643682241147,0.0230647383632838,"ejection_fraction",NA,"Na_intake_rate"
"ejection_fraction7203",720,0.00037949406170288,0.0461535567245153,-0.215371863797271,0.213105817233916,-0.0286088602544626,-0.00589985069114266,0.000848249323391688,0.00688278274658453,0.0358222427270791,"ejection_fraction",NA,"Na_intake_rate"
"GFR_ml_min13",1,-0.0159569116579247,0.0107986186111451,-0.061594740181145,0.0048109918621737,-0.0323592496401559,-0.0178314928593399,-0.014793805131777,-0.0114817150052927,-0.0034517705067252,"GFR_ml_min",NA,"Na_intake_rate"
"GFR_ml_min243",24,-0.0462697887680952,0.0862994426951241,-0.600778822533044,0.102502099896361,-0.0978444254857445,-0.0441322576194502,-0.0363555839915937,-0.0247727232292098,-0.00964992254860145,"GFR_ml_min",NA,"Na_intake_rate"
"GFR_ml_min1683",168,0.0442921012634517,0.0684061676889904,-0.411570619303214,0.125118198804078,0.0301923873318369,0.0435245544291395,0.0539278073024682,0.0625654987498049,0.0702773144889736,"GFR_ml_min",NA,"Na_intake_rate"
"GFR_ml_min7203",720,0.0579602343609876,0.0841916183964772,-0.442300057895177,0.23305210930901,-0.015823994041851,0.0468808311257713,0.0677902705567117,0.0823972920740147,0.124102669544062,"GFR_ml_min",NA,"Na_intake_rate"
"CO14",1,0.00586786017551881,0.0285939451081512,-0.0418118135586352,0.167762359340133,-0.0203966032279656,-0.00140233891808271,0.00123791321668946,0.00714887385189276,0.0352815237146624,"CO",NA,"nom_afferent_diameter"
"CO244",24,-0.180381499926264,0.0328877422134056,-0.362069697283885,-0.125431647461812,-0.221694376199475,-0.184344031626901,-0.174796401391571,-0.16855374136777,-0.147321222497608,"CO",NA,"nom_afferent_diameter"
"CO1684",168,-0.0294539969947357,0.0803206340044259,-0.128901089127266,0.505716345328056,-0.0806157082025272,-0.047816726228037,-0.0395489315570243,-0.0262055261615509,-0.00629466528559882,"CO",NA,"nom_afferent_diameter"
"CO7204",720,-0.00665081734634284,0.109581334565368,-0.582974267728906,0.283390785698878,-0.0803615928734958,-0.0169431629357392,0.00335373100556924,0.0171649641840945,0.080230895890128,"CO",NA,"nom_afferent_diameter"
"mean_arterial_pressure_MAP14",1,0.00524944473793142,0.107287974718956,-0.26749781484215,0.55745030480352,-0.111733272622134,-0.0210673609386863,0.000581321390709838,0.0169815108427582,0.139481288604044,"mean_arterial_pressure_MAP",NA,"nom_afferent_diameter"
"mean_arterial_pressure_MAP244",24,-0.29131698087898,0.356256604986738,-2.55780921129319,0.472840670253117,-0.413372463589566,-0.301579571346284,-0.263706924152245,-0.218118223121558,-0.0891688446834184,"mean_arterial_pressure_MAP",NA,"nom_afferent_diameter"
"mean_arterial_pressure_MAP1684",168,-0.389276246804607,0.412944806505521,-1.2966069299864,2.27968659994508,-0.613468359031385,-0.448690778234174,-0.418615702478098,-0.383617594904834,-0.319374705254417,"mean_arterial_pressure_MAP",NA,"nom_afferent_diameter"
"mean_arterial_pressure_MAP7204",720,-0.417976909003514,0.605635938659102,-3.14569960663385,2.23194964032516,-0.836948756607232,-0.533097054491918,-0.445339530849468,-0.316274476243887,0.0681373752369886,"mean_arterial_pressure_MAP",NA,"nom_afferent_diameter"
"LV_mass14",1,0.000359964611086937,0.0110314899733722,-0.0466436420269834,0.0527425579366232,-0.00846516402835247,-0.00171550087529375,0.000620959414376739,0.00168838961383192,0.00820923624352949,"LV_mass",NA,"nom_afferent_diameter"
"LV_mass244",24,-0.0549096220371454,0.0673596326121951,-0.477015641715877,0.0486992228223246,-0.0771059375778587,-0.0572835390320788,-0.0476880811791328,-0.0389333687948923,-0.00302163049092304,"LV_mass",NA,"nom_afferent_diameter"
"LV_mass1684",168,-0.311926759476509,0.0669068022963992,-0.477394233522263,0.0464565051940727,-0.367760284861959,-0.333940326932747,-0.322604809417706,-0.309349546726987,-0.21327294834275,"LV_mass",NA,"nom_afferent_diameter"
"LV_mass7204",720,-0.528907447599827,0.14776496723941,-0.758052405002592,0.150361217172991,-0.690710173494922,-0.578804306518037,-0.54776457262175,-0.51717356712303,-0.323455380504229,"LV_mass",NA,"nom_afferent_diameter"
"EDV_h_wall14",1,0.00315272848759162,0.0224472853647932,-0.0233377619643015,0.149525449659441,-0.0103017747826003,-0.00206744964388874,-0.000277729645688857,0.00303969838072086,0.0179328787867447,"EDV_h_wall",NA,"nom_afferent_diameter"
"EDV_h_wall244",24,0.0638468393878334,0.107633791948877,-0.653539277034227,0.129442706262945,0.0258047991829594,0.0729418678128281,0.0791661256443558,0.0890850578637492,0.115956998065265,"EDV_h_wall",NA,"nom_afferent_diameter"
"EDV_h_wall1684",168,-0.209107301652898,0.0868285768236911,-0.394053752378076,0.220800467025861,-0.298889171761827,-0.244373376550331,-0.22031502564187,-0.188819230107199,-0.079845189018603,"EDV_h_wall",NA,"nom_afferent_diameter"
"EDV_h_wall7204",720,-0.420377548253323,0.125055875340669,-0.643396018601424,0.151707135499623,-0.56625672491573,-0.453405999358744,-0.435360293626324,-0.411484794984714,-0.234105538508349,"EDV_h_wall",NA,"nom_afferent_diameter"
"ejection_fraction14",1,-0.0168210615633688,0.171497036338542,-1.03443410432668,0.442562542576808,-0.192167196875181,-0.00982569497341537,0.00627571385378146,0.0241087463346607,0.0882948095730129,"ejection_fraction",NA,"nom_afferent_diameter"
"ejection_fraction244",24,0.0425405939808661,0.143997171246843,-0.596910292877005,0.594471972216994,-0.166632835305614,0.0274088344202493,0.0706097041798689,0.0855063406705974,0.132228862264364,"ejection_fraction",NA,"nom_afferent_diameter"
"ejection_fraction1684",168,0.114627300223652,0.396615895116973,-0.527341645818948,1.89548756021738,-0.302995061536467,-0.00168479236045815,0.0771760107355,0.127968626072284,0.479682439493779,"ejection_fraction",NA,"nom_afferent_diameter"
"ejection_fraction7204",720,-0.031523091072978,0.422606437511918,-2.17709694455495,1.42883353555031,-0.343125320748086,-0.0653827736786661,-0.00621385159497792,0.0662981276481534,0.331402933594237,"ejection_fraction",NA,"nom_afferent_diameter"
"GFR_ml_min14",1,0.660397725289799,0.162499589201788,-0.289108657092314,1.04420772587139,0.530694142898255,0.642545233375847,0.670989938444888,0.69068247623511,0.800211475952144,"GFR_ml_min",NA,"nom_afferent_diameter"
"GFR_ml_min244",24,0.615534117850853,0.642836826557213,-3.55433905502572,1.25618169374513,0.346094737391432,0.601051087398658,0.696501597021032,0.767512346841892,1.11451579735785,"GFR_ml_min",NA,"nom_afferent_diameter"
"GFR_ml_min1684",168,0.25744175877638,0.555464346536589,-0.876259811567285,3.71929603123047,-0.0684490650669673,0.170266621691556,0.231520692485855,0.302158295766012,0.448180121154733,"GFR_ml_min",NA,"nom_afferent_diameter"
"GFR_ml_min7204",720,0.200686646668232,1.09205462061714,-4.42593536321162,5.39698616446754,-0.638084129322737,-0.00436521688566279,0.132455150571479,0.357763771262095,0.950970340456336,"GFR_ml_min",NA,"nom_afferent_diameter"
"CO15",1,0.00443223232107675,0.0328651930763948,-0.164299542879897,0.122955614903818,-0.0105485588672785,-0.000439783283423848,0.00499653713396692,0.00965450397930567,0.0304288235834914,"CO",NA,"nom_efferent_diameter"
"CO245",24,-0.568950340838247,0.0758072978499162,-0.70015426229394,-0.0725705450844481,-0.608613487410787,-0.589751552137253,-0.577527736164462,-0.562338607324742,-0.545976501328961,"CO",NA,"nom_efferent_diameter"
"CO1685",168,-0.126078898745988,0.0454334289517924,-0.35330319617208,-0.029532275410122,-0.165885562567456,-0.139238688184231,-0.130163017889462,-0.105968515317208,-0.0756642388764642,"CO",NA,"nom_efferent_diameter"
"CO7205",720,-0.00264675276752665,0.17394251425449,-0.834809137239157,0.833283502533962,-0.0628233866442762,-0.0187936021859374,-0.000691550382825611,0.0138073467367961,0.0796164126409738,"CO",NA,"nom_efferent_diameter"
"mean_arterial_pressure_MAP15",1,-0.0586964317652847,0.243066872115021,-1.62184442887068,0.253512223032578,-0.112321110819575,-0.043173634989802,-0.0183124081204135,-0.00128240903239454,0.0207203927299851,"mean_arterial_pressure_MAP",NA,"nom_efferent_diameter"
"mean_arterial_pressure_MAP245",24,-0.846701216039605,0.277647604725166,-1.23166498840464,0.811969540911221,-1.07562873033734,-0.922684751612608,-0.877755245320648,-0.849454403610653,-0.579928366116478,"mean_arterial_pressure_MAP",NA,"nom_efferent_diameter"
"mean_arterial_pressure_MAP1685",168,-1.35953458895695,0.186467457146037,-1.81953504916519,-0.344513557603381,-1.49215814027922,-1.42071915175318,-1.38708789725317,-1.34014642674832,-1.24342853086167,"mean_arterial_pressure_MAP",NA,"nom_efferent_diameter"
"mean_arterial_pressure_MAP7205",720,-1.51329633191571,0.651374530688802,-4.33254562015243,1.66069688947523,-1.94941816550405,-1.60214757868726,-1.52154558044773,-1.45554725556111,-1.00746432477029,"mean_arterial_pressure_MAP",NA,"nom_efferent_diameter"
"LV_mass15",1,3.42278331116145e-05,0.0107012503672494,-0.0482576167690038,0.0480802815939533,-0.00787516123718775,-0.00193889684508397,0.000802842708708573,0.00200605857972191,0.00830862144642225,"LV_mass",NA,"nom_efferent_diameter"
"LV_mass245",24,-0.148337846062207,0.033052372179895,-0.307799162208667,-0.078458023412394,-0.177135919028598,-0.154692085480255,-0.148584998414844,-0.140978678022922,-0.101057198103169,"LV_mass",NA,"nom_efferent_diameter"
"LV_mass1685",168,-1.12374691808071,0.181653417845588,-2.15440357797015,-0.604621916384725,-1.26520350924113,-1.13093331133193,-1.10621646129126,-1.08697350587979,-0.975991161257253,"LV_mass",NA,"nom_efferent_diameter"
"LV_mass7205",720,-1.91751186867742,0.223617520206381,-3.07744113176696,-1.04236939215831,-2.02967988567303,-1.96919352422884,-1.89968851835322,-1.85948184989403,-1.79213304687102,"LV_mass",NA,"nom_efferent_diameter"
"EDV_h_wall15",1,-0.00317672619437408,0.0288121145265062,-0.170301679438519,0.0493748360899099,-0.0161129537513748,-0.00522958424245069,-0.00132881284748882,0.00221860244847287,0.0287914563460909,"EDV_h_wall",NA,"nom_efferent_diameter"
"EDV_h_wall245",24,0.29104400103431,0.101412181132804,-0.364632818743012,0.411469120761834,0.276854467360258,0.293826097108196,0.301451363176135,0.309854708596272,0.354691787017801,"EDV_h_wall",NA,"nom_efferent_diameter"
"EDV_h_wall1685",168,-0.75268782816073,0.268384459872222,-2.33391877942455,-0.0919991071009091,-1.00560486367036,-0.765482852488483,-0.718621782774827,-0.691861270276411,-0.578952636169668,"EDV_h_wall",NA,"nom_efferent_diameter"
"EDV_h_wall7205",720,-1.52183644580478,0.207320190321208,-2.67295925667213,-0.799952044941444,-1.62183445327565,-1.56916095980747,-1.5107059372111,-1.46566591942122,-1.42739920635797,"EDV_h_wall",NA,"nom_efferent_diameter"
"ejection_fraction15",1,0.0885461662494037,0.274502963712468,-0.121485233354089,1.70288896313711,-0.0366899006277814,0.00457976322504835,0.0309556631395588,0.0619615123258746,0.362608846799046,"ejection_fraction",NA,"nom_efferent_diameter"
"ejection_fraction245",24,0.180254388826335,0.162808351502661,-0.429940352308579,0.41748367595998,-0.200262695832008,0.177381038899914,0.226596494602452,0.244920283381117,0.313144905305952,"ejection_fraction",NA,"nom_efferent_diameter"
"ejection_fraction1685",168,0.174310352777096,0.382745309612624,-1.82103174898773,1.38716033878355,-0.168481935401752,0.108810383210515,0.198899536015149,0.272152355929299,0.515908119236336,"ejection_fraction",NA,"nom_efferent_diameter"
"ejection_fraction7205",720,-0.0257306436811447,0.319511639274402,-1.73080549442257,0.873777655726524,-0.295692593312665,-0.0703550918025878,-0.00525989963459931,0.0435918509446669,0.252351330772014,"ejection_fraction",NA,"nom_efferent_diameter"
"GFR_ml_min15",1,-3.29285207526262,0.395900638232738,-5.8336338683021,-2.81965530562628,-3.48103425819819,-3.33277081695182,-3.29326040509168,-3.10925142168187,-3.06268919622255,"GFR_ml_min",NA,"nom_efferent_diameter"
"GFR_ml_min245",24,-3.01159948993919,0.469707209729341,-3.96300164256738,-0.407943980080968,-3.51024983355319,-3.20772529490498,-3.04639567073151,-2.92230647571578,-2.50798424211948,"GFR_ml_min",NA,"nom_efferent_diameter"
"GFR_ml_min1685",168,-4.80428542510046,0.301847490008791,-6.00475047190232,-3.5955320866113,-5.18547739680179,-4.86434771268948,-4.78313261148486,-4.69741745734268,-4.51407615972472,"GFR_ml_min",NA,"nom_efferent_diameter"
"GFR_ml_min7205",720,-5.20407869842344,1.19578077651114,-10.7761090931664,0.334379986938396,-5.90265734601262,-5.36628149128783,-5.20591502213767,-5.08198544638831,-4.28853782805135,"GFR_ml_min",NA,"nom_efferent_diameter"
"CO16",1,-7.20125570077348e-05,0.00225952592419243,-0.012734352206335,0.00574968068457924,-0.00186925066644199,-0.000436862905396557,0.000257390203337002,0.000509153920433642,0.00158777581683513,"CO",NA,"nom_glucose_reabs_per_unit_length_s1"
"CO246",24,-0.00348329840062444,0.00357316182901785,-0.019148917067221,0.00225219526813484,-0.00714903948429948,-0.00547023591234055,-0.00278025796400164,-0.000779395466901928,-0.00046372314466019,"CO",NA,"nom_glucose_reabs_per_unit_length_s1"
"CO1686",168,-0.00165393878554934,0.00758807186852197,-0.046706253573168,0.0121619065596134,-0.00868370976485784,-0.00157273674968655,-0.000922926055556673,-9.7525446149459e-05,0.0049965507466835,"CO",NA,"nom_glucose_reabs_per_unit_length_s1"
"CO7206",720,-0.000258294590608279,0.00737840009256446,-0.0352438884457112,0.0220996872338932,-0.00805923318051723,-0.00199692920691361,0.000232766794072041,0.00158185296897357,0.00893154193392733,"CO",NA,"nom_glucose_reabs_per_unit_length_s1"
"mean_arterial_pressure_MAP16",1,-0.00182425265232587,0.0158828813750951,-0.104677844494302,0.0146719390647589,-0.00859736056376972,-6.61403843397918e-05,1.41950411176068e-05,0.00057914813665186,0.00838993067323598,"mean_arterial_pressure_MAP",NA,"nom_glucose_reabs_per_unit_length_s1"
"mean_arterial_pressure_MAP246",24,-7.90239747580858e-06,0.0368034864525162,-0.0940237741103319,0.216676148497042,-0.0201855390414074,-0.0113253735488385,0.00279007367960645,0.00630535679571162,0.0200465670988267,"mean_arterial_pressure_MAP",NA,"nom_glucose_reabs_per_unit_length_s1"
"mean_arterial_pressure_MAP1686",168,-0.0131047103604404,0.0145273004442632,-0.0710268168846904,0.0300940107625952,-0.0411770243809653,-0.0142700049770084,-0.0117298765595509,-0.00780270029440431,-0.000428275396121432,"mean_arterial_pressure_MAP",NA,"nom_glucose_reabs_per_unit_length_s1"
"mean_arterial_pressure_MAP7206",720,-0.0103314546899825,0.0517870688528344,-0.173111198473393,0.281114715661119,-0.050174800255122,-0.0224081509502885,-0.0106244535569292,-0.0013295022337334,0.0191011884795914,"mean_arterial_pressure_MAP",NA,"nom_glucose_reabs_per_unit_length_s1"
"LV_mass16",1,7.56731931038563e-06,0.00107625574155576,-0.00477825971731493,0.00478708255116034,-0.000823080471249062,-0.000194734769446768,4.13240924819724e-07,0.000186240232368671,0.000858861757390843,"LV_mass",NA,"nom_glucose_reabs_per_unit_length_s1"
"LV_mass246",24,0.000976599076780567,0.00797183612233617,-0.0150015245984003,0.0490429577411051,-0.00471821820717409,-0.00216154666896132,0.00119915453671264,0.00216456083402259,0.00694593275589486,"LV_mass",NA,"nom_glucose_reabs_per_unit_length_s1"
"LV_mass1686",168,-0.00407954328106041,0.0166137290721499,-0.0227637055277352,0.0905088748052538,-0.0131233408479145,-0.0098504055790166,-0.00725409849402492,-0.00374591299880232,0.00434061497404193,"LV_mass",NA,"nom_glucose_reabs_per_unit_length_s1"
"LV_mass7206",720,-0.012549319396523,0.0171655518672835,-0.0793224681027376,0.0441994068883433,-0.0308862427746923,-0.0204570411382037,-0.0182942290245634,-0.00210910982165718,0.00155726218414171,"LV_mass",NA,"nom_glucose_reabs_per_unit_length_s1"
"EDV_h_wall16",1,9.47675789581532e-05,0.00261914030953912,-0.0140163619841802,0.0101537894240474,-0.000916208485318817,-0.000171698952595647,-7.49911420156438e-05,0.000334633576185764,0.0020957345055278,"EDV_h_wall",NA,"nom_glucose_reabs_per_unit_length_s1"
"EDV_h_wall246",24,0.00337256635173372,0.00789338946361897,-0.00960555686086804,0.0552070604278939,0.000389031762552212,0.00109350608794292,0.00205626653806185,0.00349379226423827,0.00769625986953876,"EDV_h_wall",NA,"nom_glucose_reabs_per_unit_length_s1"
"EDV_h_wall1686",168,-0.00168839937974057,0.025049770209664,-0.0292208298624894,0.167113178231815,-0.0113359376088847,-0.00649261003399612,-0.0044595921082358,-0.00321017001096702,0.00437911605473074,"EDV_h_wall",NA,"nom_glucose_reabs_per_unit_length_s1"
"EDV_h_wall7206",720,-0.00980936338159215,0.014024211522885,-0.0654423851873916,0.0347093690129902,-0.0260406713448577,-0.0163578464613017,-0.0135757493154641,-0.000459036221480678,0.00430194549986878,"EDV_h_wall",NA,"nom_glucose_reabs_per_unit_length_s1"
"ejection_fraction16",1,-0.004129017134694,0.014577076219262,-0.0885972086844063,0.0222167290817097,-0.0161211706905454,-0.00591019646998722,-0.00285715571044343,0.00107175161980463,0.0121135420141439,"ejection_fraction",NA,"nom_glucose_reabs_per_unit_length_s1"
"ejection_fraction246",24,-0.00269853698408887,0.0162417486783388,-0.0977326658080228,0.0132576917287481,-0.0267041458433897,-9.5019047929431e-05,0.00125355901100901,0.00266496500992985,0.0059386802186863,"ejection_fraction",NA,"nom_glucose_reabs_per_unit_length_s1"
"ejection_fraction1686",168,0.0064836649716234,0.108208467154424,-0.204395422659759,0.7026064173167,-0.073923481686452,-0.00551112443260227,0.000415881102499111,0.00348358816960375,0.0276872254343625,"ejection_fraction",NA,"nom_glucose_reabs_per_unit_length_s1"
"ejection_fraction7206",720,0.00456355460797233,0.0495717847504952,-0.139995614396526,0.294309031035776,-0.0365554198077385,-0.00715188360754294,0.00319613462966383,0.0133830211697281,0.0318944135364894,"ejection_fraction",NA,"nom_glucose_reabs_per_unit_length_s1"
"GFR_ml_min16",1,-0.0516856717769469,0.0416815265077896,-0.191991905521102,-0.00446567938581382,-0.0902611502324924,-0.0865346281082481,-0.0596952531425914,-0.00894300837002539,-0.00496440461334579,"GFR_ml_min",NA,"nom_glucose_reabs_per_unit_length_s1"
"GFR_ml_min246",24,-0.0548698078025813,0.0744096542784938,-0.352662341572766,0.211838725554116,-0.114353530470504,-0.0973499505800055,-0.0646177246547545,-0.00424945950551831,-0.00244117886487222,"GFR_ml_min",NA,"nom_glucose_reabs_per_unit_length_s1"
"GFR_ml_min1686",168,-0.0817209255394555,0.0301323000032231,-0.153926360152852,-0.0121734653209513,-0.126300912993598,-0.0990099411355231,-0.0916353921205693,-0.0590480686601267,-0.0344807132051143,"GFR_ml_min",NA,"nom_glucose_reabs_per_unit_length_s1"
"GFR_ml_min7206",720,-0.0782921296849351,0.0948293465482095,-0.330764637091142,0.417353435855265,-0.175445848074869,-0.118628118494666,-0.0937149408806299,-0.0340163542016828,-0.0215609065002655,"GFR_ml_min",NA,"nom_glucose_reabs_per_unit_length_s1"
"CO17",1,0,0,0,0,0,0,0,0,0,"CO",NA,"nom_glucose_reabs_per_unit_length_s3"
"CO247",24,0,0,0,0,0,0,0,0,0,"CO",NA,"nom_glucose_reabs_per_unit_length_s3"
"CO1687",168,0,0,0,0,0,0,0,0,0,"CO",NA,"nom_glucose_reabs_per_unit_length_s3"
"CO7207",720,0,0,0,0,0,0,0,0,0,"CO",NA,"nom_glucose_reabs_per_unit_length_s3"
"mean_arterial_pressure_MAP17",1,0,0,0,0,0,0,0,0,0,"mean_arterial_pressure_MAP",NA,"nom_glucose_reabs_per_unit_length_s3"
"mean_arterial_pressure_MAP247",24,0,0,0,0,0,0,0,0,0,"mean_arterial_pressure_MAP",NA,"nom_glucose_reabs_per_unit_length_s3"
"mean_arterial_pressure_MAP1687",168,0,0,0,0,0,0,0,0,0,"mean_arterial_pressure_MAP",NA,"nom_glucose_reabs_per_unit_length_s3"
"mean_arterial_pressure_MAP7207",720,0,0,0,0,0,0,0,0,0,"mean_arterial_pressure_MAP",NA,"nom_glucose_reabs_per_unit_length_s3"
"LV_mass17",1,0,0,0,0,0,0,0,0,0,"LV_mass",NA,"nom_glucose_reabs_per_unit_length_s3"
"LV_mass247",24,0,0,0,0,0,0,0,0,0,"LV_mass",NA,"nom_glucose_reabs_per_unit_length_s3"
"LV_mass1687",168,0,0,0,0,0,0,0,0,0,"LV_mass",NA,"nom_glucose_reabs_per_unit_length_s3"
"LV_mass7207",720,0,0,0,0,0,0,0,0,0,"LV_mass",NA,"nom_glucose_reabs_per_unit_length_s3"
"EDV_h_wall17",1,0,0,0,0,0,0,0,0,0,"EDV_h_wall",NA,"nom_glucose_reabs_per_unit_length_s3"
"EDV_h_wall247",24,0,0,0,0,0,0,0,0,0,"EDV_h_wall",NA,"nom_glucose_reabs_per_unit_length_s3"
"EDV_h_wall1687",168,0,0,0,0,0,0,0,0,0,"EDV_h_wall",NA,"nom_glucose_reabs_per_unit_length_s3"
"EDV_h_wall7207",720,0,0,0,0,0,0,0,0,0,"EDV_h_wall",NA,"nom_glucose_reabs_per_unit_length_s3"
"ejection_fraction17",1,0,0,0,0,0,0,0,0,0,"ejection_fraction",NA,"nom_glucose_reabs_per_unit_length_s3"
"ejection_fraction247",24,0,0,0,0,0,0,0,0,0,"ejection_fraction",NA,"nom_glucose_reabs_per_unit_length_s3"
"ejection_fraction1687",168,0,0,0,0,0,0,0,0,0,"ejection_fraction",NA,"nom_glucose_reabs_per_unit_length_s3"
"ejection_fraction7207",720,0,0,0,0,0,0,0,0,0,"ejection_fraction",NA,"nom_glucose_reabs_per_unit_length_s3"
"GFR_ml_min17",1,0,0,0,0,0,0,0,0,0,"GFR_ml_min",NA,"nom_glucose_reabs_per_unit_length_s3"
"GFR_ml_min247",24,0,0,0,0,0,0,0,0,0,"GFR_ml_min",NA,"nom_glucose_reabs_per_unit_length_s3"
"GFR_ml_min1687",168,0,0,0,0,0,0,0,0,0,"GFR_ml_min",NA,"nom_glucose_reabs_per_unit_length_s3"
"GFR_ml_min7207",720,0,0,0,0,0,0,0,0,0,"GFR_ml_min",NA,"nom_glucose_reabs_per_unit_length_s3"
"CO18",1,0.000263945261545549,0.00362264827059219,-0.0115974506151229,0.0206401346519867,-0.00315607005091597,-0.00017321194067526,0.000150028301025661,0.000468613656773624,0.0022671373253863,"CO",NA,"nom_Kf"
"CO248",24,-0.0187361540927433,0.00617129728164282,-0.0261607442347177,0.0215682219699844,-0.0222615938399737,-0.0209892871982572,-0.0195210935644915,-0.0181527899876654,-0.015994222480469,"CO",NA,"nom_Kf"
"CO1688",168,-0.00267866300021701,0.00610034467571714,-0.0142675651092661,0.0226276722003919,-0.0102230304448697,-0.00461278038458745,-0.00376647143653544,-0.0024766641254803,0.00937913555025109,"CO",NA,"nom_Kf"
"CO7208",720,-9.099366801615e-05,0.0101575120902707,-0.04895752751875,0.043709891781294,-0.00683258129374964,-0.0024561178514079,-0.000107536050900454,0.00219390558036521,0.00613371443555113,"CO",NA,"nom_Kf"
"mean_arterial_pressure_MAP18",1,0.000749108656043395,0.00915579670418258,-0.0189451993522607,0.0497959994409204,-0.00573662346906145,-0.00169004058794125,-0.000446833867525498,0.00221336842520228,0.0053644744313509,"mean_arterial_pressure_MAP",NA,"nom_Kf"
"mean_arterial_pressure_MAP248",24,-0.0234398105032329,0.0255388936286192,-0.0955117075274749,0.113724581877555,-0.0467349278929581,-0.0317693964433122,-0.0250844631251321,-0.0188965093056409,-0.00501563458742024,"mean_arterial_pressure_MAP",NA,"nom_Kf"
"mean_arterial_pressure_MAP1688",168,-0.0389473473228837,0.0203434396532935,-0.0697780720888154,0.0920284212425422,-0.0519838446365719,-0.0437672680264596,-0.0409993914446124,-0.0391707188363112,-0.0279722769316658,"mean_arterial_pressure_MAP",NA,"nom_Kf"
"mean_arterial_pressure_MAP7208",720,-0.0440435513093316,0.0745295594141981,-0.386775332612937,0.301971461214369,-0.0977814588370658,-0.0553343061925337,-0.041990575887313,-0.0312328446876906,0.001466662941186,"mean_arterial_pressure_MAP",NA,"nom_Kf"
"LV_mass18",1,9.47972762021565e-05,0.000811713136575381,-0.00143649951940111,0.00454583665568873,-0.000798224422691221,-0.000162720890404312,-4.40389614993925e-05,0.000198965920455115,0.00104118669321314,"LV_mass",NA,"nom_Kf"
"LV_mass248",24,-0.00555599342680701,0.00380452939650924,-0.0227792740620648,0.00353184529696611,-0.00971608642056552,-0.00689001040957034,-0.00488314918355056,-0.00383078865957201,-0.00144089691356055,"LV_mass",NA,"nom_Kf"
"LV_mass1688",168,-0.0346138623440444,0.0110019182491622,-0.0939913631240718,-0.00182079568617764,-0.0442070035162218,-0.0366169787384109,-0.0334844476946252,-0.0316582751059601,-0.0247160157966425,"LV_mass",NA,"nom_Kf"
"LV_mass7208",720,-0.0528806592582939,0.0269575661493534,-0.0932894175157602,0.121422933271473,-0.0705414169187637,-0.0606468219471272,-0.0556599548362188,-0.0496849161406148,-0.0454450276202491,"LV_mass",NA,"nom_Kf"
"EDV_h_wall18",1,8.78207179837793e-05,0.00291025089791278,-0.00925810799849549,0.0169937776815501,-0.00218802315045175,-0.000343554721004729,6.0230229777464e-05,0.000386846633491447,0.00140804467225253,"EDV_h_wall",NA,"nom_Kf"
"EDV_h_wall248",24,0.00735506670030017,0.00547599018336254,-0.0253132855077013,0.0163231318581952,0.0039473237325965,0.00635411530269916,0.00745674025118157,0.00908434903168515,0.0146670746140228,"EDV_h_wall",NA,"nom_Kf"
"EDV_h_wall1688",168,-0.0233694859792717,0.0149894950333061,-0.0911959727127566,0.0232723931585126,-0.0372968418578651,-0.0248877933851242,-0.0228519766569229,-0.019526974571016,-0.010036087625845,"EDV_h_wall",NA,"nom_Kf"
"EDV_h_wall7208",720,-0.0419201926694393,0.0228899900683012,-0.0763671902677936,0.10531306388278,-0.060087503652619,-0.0479817670633279,-0.0432626188965148,-0.0394245308017204,-0.0348929117677108,"EDV_h_wall",NA,"nom_Kf"
"ejection_fraction18",1,-0.00418980941368692,0.0283514799079901,-0.183005240862031,0.0416005196604289,-0.0197712844763727,-0.00216036910068706,-0.000138592944787038,0.00408747839593696,0.00891489143584157,"ejection_fraction",NA,"nom_Kf"
"ejection_fraction248",24,-0.00339521599717928,0.0312761063398193,-0.171915414975259,0.0357346438723576,-0.0311014627568211,-0.00281615295295849,0.00620734528832485,0.00825457137219329,0.0128892727368004,"ejection_fraction",NA,"nom_Kf"
"ejection_fraction1688",168,-0.00860298119540442,0.0908730503606809,-0.621876750901412,0.0733731127531518,-0.0391417489134339,-0.00280181097752356,0.00425506195728895,0.0112153002665993,0.0247050185790265,"ejection_fraction",NA,"nom_Kf"
"ejection_fraction7208",720,-0.00251787782442376,0.0369593927721937,-0.194508462951553,0.12936535045677,-0.0333446626032661,-0.00760846959249904,-0.00102507814588906,0.00619133028328792,0.0299699299815819,"ejection_fraction",NA,"nom_Kf"
"GFR_ml_min18",1,0.406683908455724,0.0151134665953565,0.391641531124068,0.484319407215466,0.394481287560919,0.39971534573292,0.403090438133104,0.406490174964195,0.430574696430633,"GFR_ml_min",NA,"nom_Kf"
"GFR_ml_min248",24,0.407167655999229,0.030220850065297,0.319331363578966,0.561165779156977,0.383686128188671,0.396392696330883,0.401473785444836,0.413890376469748,0.443721312567363,"GFR_ml_min",NA,"nom_Kf"
"GFR_ml_min1688",168,0.376971181909768,0.0326054334938007,0.30727400269596,0.557422071084248,0.340474243481693,0.361775736467259,0.377342999286606,0.389792133231259,0.399183862351849,"GFR_ml_min",NA,"nom_Kf"
"GFR_ml_min7208",720,0.369413945412125,0.140835265686429,-0.251275204150721,1.0841607153746,0.292422976055415,0.357805025653395,0.368176784487794,0.377570121354141,0.436510281735354,"GFR_ml_min",NA,"nom_Kf"
"CO19",1,-0.000386474938444285,0.00355221743309753,-0.0188662342154275,0.0135718818210065,-0.00220877920791354,-0.000796478288612806,-0.00046957696840674,5.33119595378427e-05,0.00139444638901798,"CO",NA,"nom_preafferent_arteriole_resistance"
"CO249",24,0.0592620234024309,0.00779533741754828,0.0083799039153615,0.0693653618365631,0.0566892585691155,0.0584852229175427,0.0598733833028973,0.061829896677657,0.0638445921240556,"CO",NA,"nom_preafferent_arteriole_resistance"
"CO1689",168,0.0116746917809896,0.00930472292147321,-0.0424288929256726,0.0384852319161982,0.0041479254068582,0.0104009424732122,0.011932128902589,0.014602220214245,0.0164272504157789,"CO",NA,"nom_preafferent_arteriole_resistance"
"CO7209",720,0.00068412332820327,0.00750812670866299,-0.0213240280111999,0.0379555487209361,-0.00801960839068872,-0.000936421904409632,0.00102278358989282,0.0023192051466091,0.00813512565058381,"CO",NA,"nom_preafferent_arteriole_resistance"
"mean_arterial_pressure_MAP19",1,0.00334586252252634,0.0170491759835194,-0.0609518408317739,0.0983000447058397,-0.00237937329471231,-0.000142109202539885,0.00185687278454887,0.00380604294325561,0.0143805839131356,"mean_arterial_pressure_MAP",NA,"nom_preafferent_arteriole_resistance"
"mean_arterial_pressure_MAP249",24,0.0906794284943949,0.0224254838974804,0.0415470208667272,0.221897992752814,0.0710751082373264,0.0851256513691555,0.0883306962358504,0.0914796392612989,0.112706561339551,"mean_arterial_pressure_MAP",NA,"nom_preafferent_arteriole_resistance"
"mean_arterial_pressure_MAP1689",168,0.139761589772445,0.0142673655070432,0.0799670040348344,0.207694968715757,0.130053595032172,0.134947165090434,0.139877362014558,0.144902440319369,0.147164343971228,"mean_arterial_pressure_MAP",NA,"nom_preafferent_arteriole_resistance"
"mean_arterial_pressure_MAP7209",720,0.157884246518749,0.06188136705822,0.00562421248056904,0.511756923038742,0.104960252643614,0.147958854487266,0.155341288944308,0.160612325400446,0.200352033982478,"mean_arterial_pressure_MAP",NA,"nom_preafferent_arteriole_resistance"
"LV_mass19",1,7.42200282689927e-05,0.00113014185109795,-0.00492190725697486,0.00478038379023941,-0.000828788034074235,-0.000176496442277171,-3.44025745113726e-05,0.000223318073808901,0.00149929072736686,"LV_mass",NA,"nom_preafferent_arteriole_resistance"
"LV_mass249",24,0.0159567922222959,0.00372737253679236,-0.00145365130906953,0.0278451761245952,0.0115387220945019,0.0154011919656024,0.0161675965861846,0.0169545018445772,0.0208772404647535,"LV_mass",NA,"nom_preafferent_arteriole_resistance"
"LV_mass1689",168,0.112308831764924,0.0166196135904324,0.0198855180915565,0.150164755240189,0.104398604939037,0.108907312002345,0.111675112722137,0.117229414790549,0.132108045766471,"LV_mass",NA,"nom_preafferent_arteriole_resistance"
"LV_mass7209",720,0.19105308957524,0.0104083791504736,0.169748828223683,0.207625424037476,0.172655496375717,0.184887970681639,0.187048350818848,0.20225443387771,0.206210949260996,"LV_mass",NA,"nom_preafferent_arteriole_resistance"
"EDV_h_wall19",1,0.00031791090535814,0.00176680136422941,-0.00503436446730607,0.00662760726411179,-0.00120080950611917,-0.000309778854085,5.75440290886622e-05,0.000380155167971494,0.00393272616902781,"EDV_h_wall",NA,"nom_preafferent_arteriole_resistance"
"EDV_h_wall249",24,-0.0288801148967427,0.00830498183540735,-0.0742515083274389,-0.00759013628025166,-0.0341513894357176,-0.0295223452742533,-0.0288517126711748,-0.0277074826614778,-0.0230815445955679,"EDV_h_wall",NA,"nom_preafferent_arteriole_resistance"
"EDV_h_wall1689",168,0.0737504473052915,0.0270059582414903,-0.0568862224921663,0.184895665047936,0.0572487737093219,0.0680458006506956,0.0726301558139574,0.0787308835712748,0.0968164771860704,"EDV_h_wall",NA,"nom_preafferent_arteriole_resistance"
"EDV_h_wall7209",720,0.150818519522503,0.0104872439578669,0.114104767629335,0.165886235556831,0.135273142488898,0.145015810697633,0.14809361388568,0.160706349752776,0.164215831565755,"EDV_h_wall",NA,"nom_preafferent_arteriole_resistance"
"ejection_fraction19",1,-0.0069922957409167,0.0127413071873848,-0.0658391042270832,0.00511539972888676,-0.0185833027080864,-0.00776919211761282,-0.00357449375682693,-0.00153907649584219,-1.10617315324931e-05,"ejection_fraction",NA,"nom_preafferent_arteriole_resistance"
"ejection_fraction249",24,-0.0231370611428409,0.0209365456744573,-0.128297339121424,0.0150792922080785,-0.0572225186285393,-0.0232686540852839,-0.0207360712346765,-0.0163523431759911,-0.00596667524551699,"ejection_fraction",NA,"nom_preafferent_arteriole_resistance"
"ejection_fraction1689",168,-0.022132113734899,0.0466147231709467,-0.297904279104713,0.0850974393802181,-0.0411977334769944,-0.0287188727977806,-0.0211119315368382,-0.0119287697939741,0.0214616988478819,"ejection_fraction",NA,"nom_preafferent_arteriole_resistance"
"ejection_fraction7209",720,-0.00276647801184578,0.0373103065200736,-0.193065508847022,0.114701690752307,-0.054911896421473,-0.00518550819161637,0.00153949498385504,0.00654853584994866,0.0257574715632398,"ejection_fraction",NA,"nom_preafferent_arteriole_resistance"
"GFR_ml_min19",1,-0.225464343609393,0.0317269875799325,-0.368085578881322,-0.0711404545411242,-0.24017104121448,-0.235095110223327,-0.227305441381462,-0.215460865915252,-0.209116439960231,"GFR_ml_min",NA,"nom_preafferent_arteriole_resistance"
"GFR_ml_min249",24,-0.233759516728089,0.0312372881392445,-0.329691691661823,-0.0915976025456162,-0.265661989940422,-0.246444905136609,-0.237216876551303,-0.225589997609561,-0.204274336873999,"GFR_ml_min",NA,"nom_preafferent_arteriole_resistance"
"GFR_ml_min1689",168,-0.078279488076635,0.0403386123138023,-0.234901688763087,0.127485859181903,-0.106336494859826,-0.0936042092308612,-0.0845317733117395,-0.0623609656738695,-0.0579957765324274,"GFR_ml_min",NA,"nom_preafferent_arteriole_resistance"
"GFR_ml_min7209",720,-0.0354331753684851,0.104450537225333,-0.433550311459023,0.478770990499012,-0.132546140485341,-0.0417792831231234,-0.0308640429869749,-0.0184793485248695,0.0438368415249159,"GFR_ml_min",NA,"nom_preafferent_arteriole_resistance"
"CO110",1,-0.000158914802481617,0.00156566796140244,-0.00607229262113884,0.00690056726996843,-0.001958821543457,-0.000591891406304902,-9.63769049136405e-05,0.000358422647835457,0.00139895216976841,"CO",NA,"nom_water_intake"
"CO2410",24,0.00411788895881518,0.00614388083430846,-0.0201791878163809,0.0371584715545238,0.000814048439172618,0.00295228570322195,0.00377588666451148,0.00495683340640633,0.00694999908834253,"CO",NA,"nom_water_intake"
"CO16810",168,0.000124737936741876,0.0043788109201393,-0.0167516901990152,0.00971304059463511,-0.00653244098931501,-0.000411471570760062,0.000458001619057988,0.00146699907976745,0.00596390879193953,"CO",NA,"nom_water_intake"
"CO72010",720,-0.00121664748416638,0.00904930082698197,-0.0517335322859673,0.017900683181693,-0.00677540880400778,-0.00207427209510628,-2.01242479876923e-06,0.00129953545200947,0.00624294906436419,"CO",NA,"nom_water_intake"
"mean_arterial_pressure_MAP110",1,0.00124586897552036,0.007068877130761,-0.0238302554452592,0.0319437569336848,-0.00689981259304539,-0.000972620123690384,0.000563477167282817,0.00259733377266847,0.0106113667256636,"mean_arterial_pressure_MAP",NA,"nom_water_intake"
"mean_arterial_pressure_MAP2410",24,0.000757615653411728,0.0239722122674776,-0.0700781765436173,0.118612169719576,-0.0137257754389558,-0.00636584006721259,-0.00226985125579685,0.0015730415148671,0.0361741547577891,"mean_arterial_pressure_MAP",NA,"nom_water_intake"
"mean_arterial_pressure_MAP16810",168,-0.00158568856211314,0.0127770235268984,-0.0631827625569195,0.0303242938641693,-0.0191999248519804,-0.00330528737011828,-0.000437680339377693,0.00260913634718975,0.0124874381568699,"mean_arterial_pressure_MAP",NA,"nom_water_intake"
"mean_arterial_pressure_MAP72010",720,-0.000158923201908401,0.073407713425657,-0.326543015076616,0.341647990339768,-0.0361120389088513,-0.0149730913909539,-0.000578083761968162,0.0100085937454352,0.0583277140034226,"mean_arterial_pressure_MAP",NA,"nom_water_intake"
"LV_mass110",1,-0.000108752588287134,0.000955881349928106,-0.00525438044617735,0.00158386539774222,-0.000591895005683078,-0.000168977815754175,-5.62240087617049e-05,0.000159139210508635,0.000808618576337273,"LV_mass",NA,"nom_water_intake"
"LV_mass2410",24,0.00284268565502694,0.00604704706961695,-0.0204489578889709,0.0345097653229547,-0.0013401434493596,0.00130690954466446,0.00270337915915586,0.00368695713223918,0.00780259174658366,"LV_mass",NA,"nom_water_intake"
"LV_mass16810",168,0.00192512568014424,0.00901806899571704,-0.010061825260509,0.0498485395376002,-0.00493128302126129,-0.00185745205924213,9.95506244553939e-05,0.00208507657693481,0.0120563713401464,"LV_mass",NA,"nom_water_intake"
"LV_mass72010",720,-0.0007634892537794,0.014405443487189,-0.0481459140697994,0.0532713871958251,-0.0147551248524316,-0.0037161017202636,-0.000746595313358806,0.00274058562063164,0.014053237535144,"LV_mass",NA,"nom_water_intake"
"EDV_h_wall110",1,-0.000483795554350098,0.0025001679415906,-0.0146964511126179,0.00457128080547919,-0.00292147142183358,-0.000479137577833747,2.25613675921447e-05,0.000337622446747219,0.00095918266548423,"EDV_h_wall",NA,"nom_water_intake"
"EDV_h_wall2410",24,0.00508333525212882,0.0114970718283615,-0.0239173400619344,0.0730036077392256,-0.00553318415573224,0.00381934092371781,0.00509499652302372,0.00578677053504368,0.0100352632039822,"EDV_h_wall",NA,"nom_water_intake"
"EDV_h_wall16810",168,0.00163255867997517,0.0194189145606268,-0.0679753192006638,0.0984827859266747,-0.00990098629434261,-0.00230898486237662,7.31081206702792e-05,0.00202837455349774,0.0182572711149761,"EDV_h_wall",NA,"nom_water_intake"
"EDV_h_wall72010",720,-0.000968087978682174,0.0131312087078275,-0.0471959986837873,0.0451935347710935,-0.0157018486190214,-0.00358642402356365,-0.000659320215885903,0.00219497218453465,0.0135410107425704,"EDV_h_wall",NA,"nom_water_intake"
"ejection_fraction110",1,4.85411219719239e-05,0.0148265063351547,-0.0554207453528191,0.0572284495837635,-0.00959247822781247,-0.00366684178325612,-0.00113572347217354,0.000829869143934778,0.0159763138371023,"ejection_fraction",NA,"nom_water_intake"
"ejection_fraction2410",24,0.0104845132952431,0.0367100885084418,-0.0224569626049443,0.225809916326297,-0.00835858715987226,-0.00029977521446657,0.00338578946340886,0.00656539040166113,0.0394267487732827,"ejection_fraction",NA,"nom_water_intake"
"ejection_fraction16810",168,0.00052582181345554,0.052426394303239,-0.206557514343437,0.187491778260724,-0.0645525285102867,-0.00781324179776574,0.000471113705742586,0.00787937863072245,0.0519883146205671,"ejection_fraction",NA,"nom_water_intake"
"ejection_fraction72010",720,-0.000246534049517361,0.0462582190777237,-0.193726159378169,0.186712684528762,-0.040492522552736,-0.0084186420238547,-0.00177107636725608,0.00582390944626772,0.0370953373419326,"ejection_fraction",NA,"nom_water_intake"
"GFR_ml_min110",1,-0.00986680482563655,0.0105756536423762,-0.0499647633361551,0.0238068011911909,-0.0242348664095816,-0.0140573610021715,-0.0100214193963215,-0.00548597895207521,0.00406083702478955,"GFR_ml_min",NA,"nom_water_intake"
"GFR_ml_min2410",24,0.0508485127413932,0.0468831127799816,-0.0750245249716041,0.309384935645633,0.0237243171559551,0.0382714934613922,0.0478820911016986,0.0540633407313184,0.100321603340518,"GFR_ml_min",NA,"nom_water_intake"
"GFR_ml_min16810",168,-0.00588224815581111,0.0287969087311659,-0.164336802569319,0.0383333381811289,-0.046171952157695,-0.00615809487030185,-0.00189826780977813,0.00412299983156403,0.0221221974428491,"GFR_ml_min",NA,"nom_water_intake"
"GFR_ml_min72010",720,-0.000277822740568388,0.114058523605141,-0.550089017303276,0.473434997962561,-0.0646949941882683,-0.0221871678361193,-0.000616830968728257,0.0200204390961,0.104306683173479,"GFR_ml_min",NA,"nom_water_intake"
"CO111",1,0.000121151264636583,0.00260255350267962,-0.0112681379272051,0.00982397273100438,-0.00146523689862076,-0.000468764940665059,6.47951932604716e-05,0.000459508265309216,0.00275548043700366,"CO",NA,"tubular_compliance"
"CO2411",24,0.000610937956610408,0.00483587762884217,-0.0311153833999953,0.00693799261457529,-0.00127667735134857,0.000377496928629174,0.00103010017102295,0.0016105091147375,0.00440767926021913,"CO",NA,"tubular_compliance"
"CO16811",168,0.000210810564262703,0.00904555301885129,-0.0379277064705018,0.0479244777102384,-0.00419880408392016,-0.00100695530571251,9.86927734191113e-05,0.00119020027710081,0.00387363135105756,"CO",NA,"tubular_compliance"
"CO72011",720,-8.99684102496733e-05,0.0111327269554267,-0.051089917614695,0.0513506233012354,-0.0105981873455615,-0.00190017408379792,0.000353597034622293,0.00197818416875975,0.00778256623514313,"CO",NA,"tubular_compliance"
"mean_arterial_pressure_MAP111",1,0.000672560366842843,0.0115848422194696,-0.0224810453027979,0.0624149538514164,-0.0132104198728163,-0.00261284899782671,0.000126487651696804,0.00211936799701912,0.0166944362792268,"mean_arterial_pressure_MAP",NA,"tubular_compliance"
"mean_arterial_pressure_MAP2411",24,0.00295394902698354,0.0147955142880182,-0.0362681707754786,0.0541300281380694,-0.0119738334100191,-0.00285783412116053,0.00138825267722714,0.00552248503068237,0.0365699294249405,"mean_arterial_pressure_MAP",NA,"tubular_compliance"
"mean_arterial_pressure_MAP16811",168,0.00802851684823352,0.023776160470932,-0.0216543731439273,0.145660128246059,-0.00634670337254995,0.00116646413671731,0.00278115280612199,0.00655430311853693,0.0332662468968979,"mean_arterial_pressure_MAP",NA,"tubular_compliance"
"mean_arterial_pressure_MAP72011",720,0.000684683691028868,0.0748003231657591,-0.410192793444521,0.27538209574767,-0.0423549300809473,-0.00670495592784481,0.00352457757600429,0.0131508267475535,0.0472493743359599,"mean_arterial_pressure_MAP",NA,"tubular_compliance"
"LV_mass111",1,-9.5476627672924e-07,0.00104813841400117,-0.00475652184776323,0.00463455609448912,-0.00085873975835024,-0.000166525305271564,6.86851079381649e-05,0.000182298856125039,0.000845397033978057,"LV_mass",NA,"tubular_compliance"
"LV_mass2411",24,0.000643398346568657,0.00783159879185535,-0.0254830460297891,0.0458927173628821,-0.00371286113699619,-0.000770483213359023,-1.00507368525533e-05,0.000772966399355416,0.00637707304530603,"LV_mass",NA,"tubular_compliance"
"LV_mass16811",168,0.00282051774931334,0.00961595546715428,-0.0311372146554583,0.050157452455977,-0.00416529467406431,0.000611779973423181,0.00230704149908296,0.00430099007968505,0.00710516993342965,"LV_mass",NA,"tubular_compliance"
"LV_mass72011",720,0.000401323123267945,0.020774804627226,-0.120159493465129,0.0198239343178552,-0.00523630725263006,0.00102310588894376,0.00314274554181788,0.00545104265915745,0.0167531175423221,"LV_mass",NA,"tubular_compliance"
"EDV_h_wall111",1,-0.000200272341999826,0.00166963719814126,-0.00942900130751381,0.00238443885655856,-0.00198324702465419,-0.000220864706430556,-2.662471734015e-05,0.000244182308976295,0.00172268072605685,"EDV_h_wall",NA,"tubular_compliance"
"EDV_h_wall2411",24,-0.00125964464443369,0.00658206856876159,-0.035424699145057,0.0167588042109022,-0.00828951781781004,-0.00125919817795219,-0.000562360960427024,0.000535591824632355,0.00342443850102191,"EDV_h_wall",NA,"tubular_compliance"
"EDV_h_wall16811",168,0.00132204061761994,0.0154058082927764,-0.0806669359971148,0.0621989133999011,-0.00690537999377872,-0.0010044019508515,0.00212689508373038,0.00390839676324848,0.01288493855937,"EDV_h_wall",NA,"tubular_compliance"
"EDV_h_wall72011",720,3.39860322513175e-06,0.0197823562092208,-0.117838913990593,0.0188562492488717,-0.00348728790252123,0.000770503134955612,0.00225694101926758,0.00439891665339635,0.0158788173048439,"EDV_h_wall",NA,"tubular_compliance"
"ejection_fraction111",1,0.00113944087402173,0.0106920382172207,-0.0325828436481128,0.0487174597300204,-0.00973609725692286,-0.00233997930098997,-0.000164632087215877,0.00304408686343198,0.0156499392745136,"ejection_fraction",NA,"tubular_compliance"
"ejection_fraction2411",24,0.00277837870570216,0.028290776386693,-0.0374421806157836,0.187718867663125,-0.0201469586713323,-0.00264703265886425,0.00109057690776723,0.00368563551564528,0.0117728730631579,"ejection_fraction",NA,"tubular_compliance"
"ejection_fraction16811",168,-0.0018528128233446,0.0426716984310105,-0.198802166773697,0.147746460607271,-0.043715248347233,-0.00953896380406767,0.00306317315699461,0.00700759556842142,0.0520161197398885,"ejection_fraction",NA,"tubular_compliance"
"ejection_fraction72011",720,-0.00410957517084523,0.0375219582173724,-0.202074870666326,0.0656954273185653,-0.0358206333273926,-0.00709427998464007,-0.000487240426060208,0.00920285183877818,0.0308663574044547,"ejection_fraction",NA,"tubular_compliance"
"GFR_ml_min111",1,-0.0253795914621522,0.0185222047685839,-0.0704544507176949,0.0788036277399274,-0.0454108043863182,-0.0284340862154781,-0.0264851486549079,-0.0236474187940101,-0.00835113685470949,"GFR_ml_min",NA,"tubular_compliance"
"GFR_ml_min2411",24,-0.0194658094514023,0.0375486981602202,-0.116870933764318,0.166217790368784,-0.0496546389621931,-0.0330805683391882,-0.0244323254564561,-0.0166329872711485,0.0485143197591967,"GFR_ml_min",NA,"tubular_compliance"
"GFR_ml_min16811",168,-0.0208778563429341,0.0175070978906153,-0.0827751904502445,0.0421481554937525,-0.0386235308518028,-0.0261257999947311,-0.0231027455446732,-0.0157956181774908,0.00692850098490189,"GFR_ml_min",NA,"tubular_compliance"
"GFR_ml_min72011",720,-0.0267863419226767,0.130071127996066,-0.73080882244711,0.444092823206927,-0.11538645096324,-0.0401574403547027,-0.0239568426556994,-0.00455047506694526,0.0563795188896903,"GFR_ml_min",NA,"tubular_compliance"
